from,to,seed
1612144,1614840,4bc1d3531a5f85f29170f5dde92d1714f291de661dd9b26127af41bf62bb3a4b
1614841,1617537,9a5d8e407d4713f77f517d080b8ae9d1b5ba025c1a98b08b6d1b38d800890b26
1617538,1620235,23cb3b333fbe91d54eeba2d22feb6f85690e1db143c6bd927143ee8aa0f2dacd
1620236,1622914,4aad89fe943b4612c9e718635a3551a36bfc6469ac72585f8d6a8742a9fa9ed0
1622915,1625611,55ff2bdf872f9e2fc85aa8c40309841503fa21aeecb0ba565d4534e43f71a9fd
1625612,1628308,720e981c79617da2f9599ec9bcb5a597b6f216de2f229bc6a6200c5aba58d27d
1628309,1631005,f7023ed869586b47185cf1fe89c6cd50221e02a3de7204230c912f403c8b4d9d
1631006,1633702,897faa59b9dcff82f4a8217bac4759f77fe4a66a6cda0e0560a12edfbab99231
1633703,1636389,9124afb3387b0ef464b93c8efbe3fa7d93a85526715a0d3dc85d4e385f9e38f7
1636390,1639086,fdee810388527773ebf321f8cf78972e401b7df5615c4d981aa9d72c22563b5b
1639087,1641783,ab758f6ab69c9bdb7821950875eb47e92e682f8ddba6dbeb14ea5077f59cbcf3
1641784,1644480,c4c750a2c687e7477d693b9ad0b2a7297dc74e86f072b73f13cbbd5ed80c8a20
1644481,1647177,513262dee40e552148ef18addfea98e616d018e3c760dfd390259619dbde3f43
1647178,1649874,b33625d597b4b6d51a2bb281a0bf19442a8e4cd14832fcf23f00a8dfda6209f2
1649875,1652571,de48b29896d89ceb9fd7b489c086cf453e3347b041b9d3395af40cb76df020e3
1652572,1655268,a348063f7a61ea5648679cef3081a929e116134a6035b0d14251ec2ce135f9b1